<core:FragmentDefinition xmlns:core="sap.ui.core" xmlns="sap.m" xmlns:mvc="sap.ui.core.mvc" xmlns:layout="sap.ui.layout"
	xmlns:form="sap.ui.layout.form" xmlns:l="sap.ui.layout" xmlns:f="sap.ui.layout.form" xmlns:u="sap.ui.unified"
	xmlns:grid="sap.ui.layout.cssgrid" xmlns:g="sap.f" xmlns:ndc="sap.ndc">
	<Dialog contentHeight="auto" contentWidth="25%" class="sapUiSizeCompact" afterClose="dialogAfterclose" title="Check Reward Details"
		titleAlignment="Center">
		<VBox>
			<Text text="Invoice Number: {IdentifyCustomerModel>/HeaderInvoice}" class="sapUiSmallMarginBegin cl_invoicetxt"></Text>
			<ObjectStatus text="Total Price: {IdentifyCustomerModel>/HeaderAmt} AED" inverted="true" active="true"
				class="sapUiSmallMarginBegin sapUiSmallMarginTop" state="Information"/>
		</VBox>
		<content class="sapUiSizeCompact">
			<f:Form editable="false" class="sapUiTinyMarginTop">
				<f:layout>
					<f:ResponsiveGridLayout labelSpanXL="3" labelSpanL="3" labelSpanM="12" labelSpanS="12" adjustLabelSpan="false" emptySpanXL="0"
						emptySpanL="0" emptySpanM="0" emptySpanS="0" columnsXL="3" columnsL="3" columnsM="3" singleContainerFullSize="false"/>
				</f:layout>
				<f:formContainers>
					<f:FormContainer>
						<f:formElements>
							<f:FormElement label="ADNOC Reward Card Number">
								<f:fields>
									<HBox>
										<Input placeholder="Card No" value="{ServicesViewModel>/Loyalty_ScanedID}" valueState="Information"></Input>
										<ndc:BarcodeScannerButton id="sampleBarcodeScannerButton" scanSuccess="onScanSuccess" scanFail="onScanError"
											inputLiveUpdate="onScanLiveupdate" class="sapUiTinyMarginBegin"/>
									</HBox>
								</f:fields>
							</f:FormElement>
							<f:FormElement label="Registered Mobile Number">
								<f:fields>
									<HBox>
										<Input placeholder="Enter Mobile Number" value="" valueState="Information"></Input>
									</HBox>
								</f:fields>
							</f:FormElement>
						</f:formElements>
					</f:FormContainer>
				</f:formContainers>
			</f:Form>
		</content>
		<buttons>
			<Button text="Check" type="Emphasized" press="onPressCheckReward"></Button>
			<Button text="Close" type="Default" press="onPressCloseCheckCard"/>
		</buttons>
	</Dialog>
</core:FragmentDefinition>