<core:FragmentDefinition xmlns:core="sap.ui.core" xmlns="sap.m" xmlns:mvc="sap.ui.core.mvc" xmlns:l="sap.ui.layout"
	xmlns:layout="sap.ui.layout" xmlns:f="sap.f" xmlns:g="sap.f" xmlns:fb="sap.ui.comp.filterbar" xmlns:cssgrid="sap.ui.layout.cssgrid"
	xmlns:grid="sap.ui.layout.cssgrid" xmlns:form="sap.ui.layout.form">
	<Dialog contentHeight="auto" contentWidth="30%" class="sapUiSizeCompact" afterClose="dialogAfterclose" title="Search"
		titleAlignment="Center">
		<!--<VBox>-->
		<!--	<Text text="Invoice Number: {IdentifyCustomerModel>/HeaderInvoice}" class="sapUiSmallMarginBegin cl_invoicetxt"></Text>-->
		<!--	<ObjectStatus text="Total Price: {IdentifyCustomerModel>/HeaderAmt} AED" inverted="true" active="true"-->
		<!--		class="sapUiSmallMarginBegin sapUiSmallMarginTop" state="Information"/>-->
		<!--</VBox>-->
		<content class="sapUiSizeCompact">
			<form:Form editable="true" class="cl_formlabel" visible="{oGlobalModel>/Filtersbar}">
				<form:layout>
					<form:ResponsiveGridLayout labelSpanXL="4" labelSpanL="4" labelSpanM="4" labelSpanS="12" adjustLabelSpan="false" emptySpanXL="0"
						emptySpanL="0" emptySpanM="0" emptySpanS="0" columnsXL="2" columnsL="2" columnsM="2" singleContainerFullSize="false"/>
				</form:layout>
				<form:formContainers>
					<form:FormContainer>
						<form:formElements>
							<form:FormElement label="Plate No / Code" design="bold">
								<form:fields>
									<HBox>
										<Input value="{CreateCustomerModel>/Chassisno}" placeholder="Plate No" width="95%" class="" valueState="Information" valueStateText="Enter Plate Number"/>
										<Input value="{CreateCustomerModel>/Chassisno}" placeholder="Plate Code" width="95%" class="" valueState="Information"  valueStateText="Enter Plate Code"/>
									</HBox>
								</form:fields>
							</form:FormElement>
							<form:FormElement label="Mobile No">
								<form:fields>
									<Input value="{CreateCustomerModel>/Engineno}" width="95%"  placeholder="Enter Mobile Number" editable="{CreateCustomerModel>/SearchFieldEditable}" valueState="Information" valueStateText="Enter Mobile Number"/>
								</form:fields>
							</form:FormElement>
							<!--<form:FormElement label="Name">-->
							<!--	<form:fields>-->
							<!--		<Input value="{CreateCustomerModel>/CV_Manufacturer}" editable="{CreateCustomerModel>/SearchFieldEditable}" showValueHelp="true"-->
							<!--			valueHelpOnly="true" valueHelpRequest="openManufacturerF4"/>-->
							<!--	</form:fields>-->
							<!--</form:FormElement>-->
						</form:formElements>
					</form:FormContainer>
				</form:formContainers>
			</form:Form>
			<FlexBox alignItems="Center" justifyContent="End">
				<Button text="Go" type="Emphasized" press="onGopress" class="sapUiSmallMarginEnd"/>
				<Button text="Clear" type="Default" class="sapUiSmallMarginEnd"/>
			
			</FlexBox>
			<fb:FilterBar reset="onReset" search="onGopress" cancel="onCancel" clear="Clearpress" useToolbar="false" showGoOnFB="true"
				showClearOnFB="true" showRestoreOnFB="false" showClearButton="true" showRestoreButton="true" visible="false"
				class="Cl_FilterbarText" showFilterConfiguration="false" header="true">
				<fb:filterItems>
					<fb:FilterItem name="A" label="Plate No">
						<fb:control>
							<Input value="" placeholder="Enter Plate No" type="Text" showValueHelp="false" valueState="Information" enabled="true" visible="true"
								width="70%" valueHelpOnly="false" required="false" valueStateText="Enter Plate No" maxLength="0" valueHelpRequest="technicalselect"/>
						</fb:control>
					</fb:FilterItem>
					<fb:FilterItem name="B" label="Plate Code">
						<fb:control>
							<Input value="" placeholder="Enter Plate Code" type="Text" showValueHelp="false" valueState="Information" enabled="true" visible="true"
								width="70%" valueHelpOnly="false" required="false" valueStateText="Enter Plate Code" maxLength="0" valueHelpRequest="technicalselect"/>
						</fb:control>
					</fb:FilterItem>
					<fb:FilterItem name="C" label="Name" visible="false">
						<fb:control>
							<Input value="" placeholder="Enter Name" type="Text" showValueHelp="false" valueState="Information" enabled="true" visible="true"
								width="70%" valueHelpOnly="false" required="false" valueStateText="Enter Name" maxLength="0" valueHelpRequest="technicalselect"/>
						</fb:control>
					</fb:FilterItem>
					<fb:FilterItem name="D" label="Mobile No">
						<fb:control>
							<Input value="" placeholder="Enter Mobile" type="Text" showValueHelp="false" valueState="Information" enabled="true" visible="true"
								width="70%" valueHelpOnly="false" required="false" valueStateText="Enter Mobile" maxLength="0" valueHelpRequest="technicalselect"/>
						</fb:control>
					</fb:FilterItem>
				</fb:filterItems>
			</fb:FilterBar>
			<f:GridList mode="None" items="{SearchViewModel>/SearchList}" class="sapUiTinyMarginTop">
				<f:customLayout>
					<grid:GridBasicLayout gridTemplateColumns="repeat(auto-fit, minmax(16rem, 1fr))" gridGap="0.5rem"/>
				</f:customLayout>
				<SearchField/>
				<f:GridListItem press="onSelectCustomer" highlight="{SearchViewModel>Highlight}" type="{SearchViewModel>Type}"
					class="sapUiTinyMarginBeginEnd Cl_SearchCustomerBox">
					<VBox height="100%">
						<HBox height="100%" class="sapUiSmallMargin" alignItems="Center" visible="{= ${onlyImage} ? false : true }">
							<!--<Image src="{ProductPicUrl}" width="3rem" class="sapUiSmallMarginEnd"/>-->
							<VBox>
								<HBox>
									<Image height="2.5rem" width="auto" src="{imageModel>/path}/image/Man-in-suit.png" class="sapUiSmallMarginEnd"/>
									<VBox>
										<ObjectIdentifier title="{SearchViewModel>BP} {SearchViewModel>BPType}" titleActive="true"/>
										<ObjectAttribute text="{SearchViewModel>Name}" active='true' class="Cl_SearchListText"/>
									</VBox>
								</HBox>
								<HBox class="sapUiTinyMarginBegin">
									<core:Icon src="sap-icon://call" class="size4 sapUiTinyMarginEnd" color="#1C4C98"></core:Icon>
									<ObjectAttribute text="{SearchViewModel>Mobile}" active='true' class="Cl_SearchListText" press="onPressWhatsup"/>
								</HBox>
								<HBox class="sapUiTinyMarginBegin">
									<core:Icon src="sap-icon://email" class="size4 sapUiTinyMarginEnd" color="#1C4C98"></core:Icon>
									<ObjectAttribute text="{SearchViewModel>Email}" active='false' class="Cl_SearchListText"/>
								</HBox>
								<!--<HBox class="sapUiTinyMarginBegin">-->
								<!--	<Image height="2.5rem" width="auto" src="{imageModel>/path}/image/CarIcon1.png" class="sapUiTinyMarginEnd"/>-->
								<!--	<Text text="Vehicle Details" class="sapUiTinyMarginTop"/>-->
								<!--</HBox>-->
								<Text text="Vehicle Details" class="sapUiTinyMarginTopBottom sapUiTinyMarginBegin"/>
								<HBox justifyContent="SpaceBetween" class="sapUiTinyMarginBegin">
									<HBox>
										<core:Icon src="sap-icon://insurance-car" class="size4" color="#1C4C98"></core:Icon>
										<ObjectAttribute text="Plate: {SearchViewModel>PlateNo}-{SearchViewModel>PlateCode}" active='false'
											class="Cl_SearchListText sapUiTinyMarginBegin"/>
										<!--<ObjectAttribute text="Category: {SearchViewModel>PlateCat}" active='false' class="Cl_SearchListText"/>-->
									</HBox>
									<!--<HBox>-->
									<!--<core:Icon src="sap-icon://flag" class="size4 sapUiTinyMarginTop sapUiSmallMarginBegin" color="#1C4C98"></core:Icon>-->
									<!--<tnt:InfoLabel text="{SearchViewModel>Emirates}" colorScheme="7" class="sapUiTinyMarginTop sapUiSmallMarginBegin" icon="sap-icon://map-fill"/>-->
									<!--<ObjectAttribute text="{SearchViewModel>Emirates}" active='false' class="sapUiTinyMarginTop sapUiSmallMarginBegin"/>-->
									<!--</HBox>-->
								</HBox>
								<HBox class="sapUiTinyMarginBegin">
									<core:Icon src="sap-icon://car-rental" class="size4 sapUiTinyMarginEnd" color="#1C4C98"></core:Icon>
									<ObjectAttribute text="Category: {SearchViewModel>PlateCat}" active='false' class="Cl_SearchListText"/>
								</HBox>
								<HBox class="sapUiTinyMarginBegin">
									<core:Icon src="sap-icon://flag" class="size4 sapUiTinyMarginEnd" color="#1C4C98"></core:Icon>
									<!--<core:Icon src="sap-icon://flag-2" class="size4 sapUiTinyMarginEnd" color="#1C4C98"></core:Icon>-->
									<ObjectAttribute text="Emirates: {SearchViewModel>Emirates}" active='false' class="Cl_SearchListText"/>
								</HBox>
								<!--<HBox class="sapUiTinyMarginBegin">-->
								<!--	<core:Icon src="sap-icon://flag-2" class="size4 sapUiTinyMarginEnd" color="#1C4C98"></core:Icon>-->
								<!--	<ObjectAttribute text="Emirates: {SearchViewModel>Emirates}" active='false'/>-->
								<!--</HBox>-->
								<HBox class="sapUiTinyMarginBegin">
									<core:Icon src="sap-icon://badge" class="size4 sapUiTinyMarginEnd" color="#1C4C98"></core:Icon>
									<ObjectAttribute text="Model: {SearchViewModel>Model} / {SearchViewModel>CarType}" active='false' class="Cl_SearchListText"/>
								</HBox>
								<HBox class="sapUiTinyMarginBegin">
									<core:Icon src="sap-icon://taxi" class="size4 sapUiTinyMarginEnd" color="#1C4C98"></core:Icon>
									<ObjectAttribute text="VIN: {SearchViewModel>VinNo}" active='false' class="Cl_SearchListText"/>
								</HBox>
							</VBox>
						</HBox>
					</VBox>
				</f:GridListItem>
			</f:GridList>
		</content>
		<buttons>
			<Button text="Create Customer" type="Emphasized" press="onPressCreateCustomer" icon="sap-icon://add-employee"/>
			<Button text="Close" type="Reject" press="onPressCloseSearch" icon="sap-icon://decline"/>
		</buttons>
	</Dialog>
</core:FragmentDefinition>