{
  "fragment/AddToCartLPG.fragment.xml": 1723735369137,
  "model/models.js": 1723719704440,
  "model/formatter.js": 1723719857404,
  "controller/Services.controller.js": 1723806258989,
  "controller/MainMenu.controller.js": 1723802271706,
  "controller/Home.controller.js": 1723802261458,
  "controller/CreateCustomer.controller.js": 1723802196754,
  "controller/App.controller.js": 1723725876687,
  "manifest.json": 1723806558002,
  "Component.js": 1723804992946,
  "controller/CreateCustomer-dbg.controller.js": 1723802196754,
  "controller/CreateCustomer.controller.js.map": 1723806558223,
  "model/formatter-dbg.js": 1723719857404,
  "model/formatter.js.map": 1723806558125,
  "controller/Services-dbg.controller.js": 1723806258989,
  "controller/Services.controller.js.map": 1723806558240,
  "controller/MainMenu-dbg.controller.js": 1723802271706,
  "controller/MainMenu.controller.js.map": 1723806558156,
  "controller/Home-dbg.controller.js": 1723802261458,
  "controller/Home.controller.js.map": 1723806558214,
  "model/models-dbg.js": 1723719704440,
  "model/models.js.map": 1723806558210,
  "controller/App-dbg.controller.js": 1723725876687,
  "controller/App.controller.js.map": 1723806558213,
  "Component-dbg.js": 1723804992946,
  "Component.js.map": 1723806558217,
  "Component-preload.js": 1723806558376,
  "Component-preload.js.map": 1723806558376,
  "view/Services.view.xml": 1723805183551,
  "view/MainMenu.view.xml": 1723802136494,
  "view/Home.view.xml": 1723804666896,
  "view/CreateCustomer.view.xml": 1723802106965,
  "view/App.view.xml": 1723797027762,
  "image/undo.png": 1723719704436,
  "image/qr.png": 1723719704436,
  "image/lpg-Banner.png": 1723719704436,
  "image/location.png": 1723719704424,
  "image/file.png": 1723719704424,
  "image/check-out.png": 1723719704424,
  "image/cart.png": 1723719704424,
  "image/card.png": 1723719704424,
  "image/car-sales.png": 1723719704424,
  "image/add-user.png": 1723719704424,
  "image/Worder.png": 1723719704424,
  "image/WashIcon.PNG": 1723719704424,
  "image/User_Car.png": 1723719704420,
  "image/Skip.png": 1723719704420,
  "image/QuickProcessBG.JPG": 1723719704420,
  "image/ProfileUser.png": 1723719704420,
  "image/Profile3.png": 1723719704420,
  "image/PNewLogo.png": 1723719704420,
  "image/NewLogo.png": 1723719704420,
  "image/MoneyLogo.png": 1723719704420,
  "image/MenuIcon.png": 1723719704416,
  "image/MaterialLogo.PNG": 1723719704416,
  "image/MaterialIcon.PNG": 1723719704416,
  "image/Man-in-suit.png": 1723719704416,
  "image/ListBG.jpg": 1723719704416,
  "image/LPG_Banner.PNG": 1723719704416,
  "image/LPGColorIcon.png": 1723719704404,
  "image/LPGBanner.png": 1723719704404,
  "image/GassWhiteIcon.png": 1723719704396,
  "image/GassColorIcon.png": 1723719704396,
  "image/Gas_Banner1.jpg": 1723719704392,
  "image/DesignCar.png": 1723719704392,
  "image/Carwashbanner.png": 1723719704392,
  "image/CarwashLogo1.PNG": 1723719704364,
  "image/CarwashLogo.png": 1723719704364,
  "image/CarwashIcon.PNG": 1723719704364,
  "image/CardLogo.png": 1723719704356,
  "image/CarProductIcon.PNG": 1723719704356,
  "image/CarBanner.png": 1723719704352,
  "image/Car2.png": 1723719704340,
  "image/Car.png": 1723719704340,
  "image/Capture.JPG": 1723719704340,
  "image/CW_WhiteIcon.png": 1723719704340,
  "image/CW_ListBG.PNG": 1723719704340,
  "image/CW_ColorIcon.png": 1723719704336,
  "image/CWWhiteIcon.png": 1723719704336,
  "image/CWColorIcon1.png": 1723719704336,
  "image/CWColorIcon.png": 1723719704336,
  "image/CW2.PNG": 1723719704332,
  "image/CW1.PNG": 1723719704332,
  "image/CVHeader1.PNG": 1723719704332,
  "image/CVHeader.PNG": 1723719704332,
  "image/Banner4.png": 1723719704332,
  "image/Banner3.PNG": 1723719704320,
  "image/Banner2.PNG": 1723719704304,
  "image/Banner1.PNG": 1723719704288,
  "fragment/TagVehicleToCustomer.fragment.xml": 1723735369153,
  "fragment/SearchVehicle.fragment.xml": 1723735369153,
  "fragment/RewardCheck.fragment.xml": 1723735369149,
  "fragment/PlantF4.fragment.xml": 1723735369145,
  "fragment/ModelF4.fragment.xml": 1723735369145,
  "fragment/MaterialF4.fragment.xml": 1723735369141,
  "fragment/ManfacturerF4.fragment.xml": 1723735369141,
  "fragment/CreateCustomer.fragment.xml": 1723735369141,
  "i18n/i18n.properties": 1723719704272,
  "fragment/AddToCart.fragment.xml": 1723804846193,
  "css/style.css": 1723719704272,
  "index.html": 1723802608816
}